device,date,sleep_time,active_volume,avg_packet_size,mean_rate,peak_to_mean_rate,active_time,num_servers,num_protocols,unique_dns_reqs,dns_interval,ntp_interval
00-16-6c-ab-6b-88,16-09-23,5.13475,4394.65,318.07,313.95,24.7662,5.16224,36,183,4,1037738.742962,21600.614204
00-16-6c-ab-6b-88,16-09-24,5.98066,3917.15,329.56,283.81,40.2189,4.61026,40,18,4,3528051.345773,21030.639694
00-16-6c-ab-6b-88,16-09-25,6.24698,4063.02,330.79,283.87,42.888,4.64446,33,17,4,5174763.535862,17640.086428
00-16-6c-ab-6b-88,16-09-26,5.75079,3588.26,295.81,256.60,25.5799,4.79437,39,12,2,1061076.553445,21600.466048
00-16-6c-ab-6b-88,16-09-27,5.7712,2446.35,248.35,173.50,24.39,4.82234,29,11,2,1243663.080578,21600.611992
00-16-6c-ab-6b-88,16-09-28,5.34886,2714.72,242.39,201.71,486.218,4.83609,40,50,4,651533.156181,19528.025037
00-16-6c-ab-6b-88,16-09-29,5.80761,2377.53,250.99,174.58,25.918,4.63834,22,35,2,1288346.576959,21602.150432
00-16-6c-ab-6b-88,16-09-30,5.87668,2245.74,256.07,168.90,25.1569,4.49376,31,40,2,1783828.140736,16201.824914
00-16-6c-ab-6b-88,16-10-01,5.78879,2364.84,255.20,171.62,25.1281,4.70615,30,127,2,1913502.814687,12962.568678
00-16-6c-ab-6b-88,16-10-02,6.17964,2245.73,269.68,163.63,25.2756,4.48607,27,11,2,6414818.242478,21600.590329
00-16-6c-ab-6b-88,16-10-03,6.15029,2270.73,270.86,164.56,44.5927,4.52372,32,17,4,7848400.403514,16120.627411
00-16-6c-ab-6b-88,16-10-04,5.89955,2386.57,246.37,170.57,24.8088,4.71581,31,14,2,1106966.141418,21600.550972
00-16-6c-ab-6b-88,16-10-05,3.78896,3529.67,234.24,255.60,31.7834,6.10169,33,503,5,329317.650446,21600.499346
00-16-6c-ab-6b-88,16-10-06,5.44793,2390.29,252.38,177.72,262.174,4.77655,29,24,2,1042202.324959,16201.661455
00-16-6c-ab-6b-88,16-10-08,5.69529,2129.46,266.15,158.73,20.8955,4.62933,18,11,2,3369706.203019,16202.960549
00-16-6c-ab-6b-88,16-10-09,6.17786,2239.09,276.52,155.09,18.0953,4.71837,17,11,2,28384956.139488,21600.517911
00-16-6c-ab-6b-88,16-10-10,5.72339,2093.81,272.33,156.80,17.5024,4.59301,22,11,2,8838946.833081,21600.507630
00-16-6c-ab-6b-88,16-10-11,3.65216,5193.06,320.31,373.96,21.6443,6.26286,29,2081,4,378899.006316,16201.685128
00-16-6c-ab-6b-88,16-10-12,5.66655,2378.44,277.52,169.69,27.2969,4.85147,25,86,4,6503262.715288,10802.869866
00-24-e4-11-18-a8,16-09-23,1.82341,336.361,60.75,32.98,51.0706,6.34286,4,5,2,4018089.777176,N/A
00-24-e4-11-18-a8,16-09-24,1.84804,321.468,60.03,31.84,80.8072,6.24752,6,6,2,4883195.391512,N/A
00-24-e4-11-18-a8,16-09-25,1.80527,320.16,59.65,31.87,53.8567,6.27212,4,5,2,5103154.544525,N/A
00-24-e4-11-18-a8,16-09-26,1.82692,327.733,60.40,32.60,53.1856,6.24718,4,5,2,4325215.031049,N/A
00-24-e4-11-18-a8,16-09-27,1.8308,332.777,60.74,33.08,49.7839,6.24662,4,5,2,3975699.146431,N/A
00-24-e4-11-18-a8,16-09-28,1.82638,340.881,61.83,33.80,75.5814,6.26789,6,6,3,3503731.683632,N/A
00-24-e4-11-18-a8,16-09-29,1.82756,328.184,60.44,32.55,52.8165,6.26614,4,5,2,4300749.910407,N/A
00-24-e4-11-18-a8,16-09-30,1.84804,337.816,61.13,33.39,51.4508,6.26033,4,5,2,3725363.052382,N/A
00-24-e4-11-18-a8,16-10-01,1.79151,343.23,61.62,33.93,51.3528,6.33376,4,5,2,3399378.107131,N/A
00-24-e4-11-18-a8,16-10-02,1.85898,337.173,61.04,33.28,72.6597,6.25477,4,5,2,3966163.685325,N/A
00-24-e4-11-18-a8,16-10-03,1.79078,339.896,61.40,33.71,50.6225,6.31481,4,5,2,3538368.218237,N/A
00-24-e4-11-18-a8,16-10-04,1.88958,344.089,61.75,33.68,49.6301,6.2675,4,5,2,3353603.653549,N/A
00-24-e4-11-18-a8,16-10-05,1.83827,348.546,62.09,34.38,80.7644,6.28514,7,6,3,3187197.201585,N/A
00-24-e4-11-18-a8,16-10-06,1.82665,336.043,61.14,33.50,51.2467,6.23514,4,5,2,3745580.114811,N/A
00-24-e4-1b-6f-96,16-09-23,1866.33,42725,199.84,1.49,1470.61,48,6,5,2,737314109.484227,N/A
00-24-e4-1b-6f-96,16-09-24,0,N/A,201.08,1105.61,1.84593,N/A,6,5,2,1474678650.825549,N/A
00-24-e4-1b-6f-96,16-09-25,2400,32374,201.08,1.28,1706.34,30,6,5,2,737389755.998484,N/A
00-24-e4-1b-6f-96,16-09-26,2399.86,32472,201.26,1.28,1704.71,30,6,5,2,737440186.094758,N/A
00-24-e4-1b-6f-96,16-09-27,2520,32373,201.21,1.29,1694.56,30,6,5,2,737490616.939546,N/A
00-24-e4-1b-6f-96,16-09-28,1107.5,31363,202.64,2.81,774.917,30,6,5,2,737522292.094595,N/A
00-24-e4-1b-6f-96,16-09-29,2400,32184,200.49,1.28,1601.41,30,6,5,2,737572721.419047,N/A
00-24-e4-1b-6f-96,16-09-30,0,N/A,201.07,1136.00,1.84598,N/A,6,5,2,1475195871.682262,N/A
00-24-e4-1b-6f-96,16-10-01,1867,16112,196.74,1.28,1558.55,18.75,6,5,2,737648365.929642,N/A
00-24-e4-1b-6f-96,16-10-02,2290.77,32224,198.93,1.28,1708.82,33,6,5,2,737698797.517865,N/A
00-24-e4-1b-6f-96,16-10-03,2290.77,32373,199.48,1.28,1704.15,30,6,5,2,737749227.851077,N/A
00-24-e4-1b-6f-96,16-10-04,0,N/A,200.69,1020.48,2.00295,N/A,5,5,2,1475548888.038447,N/A
00-24-e4-1b-6f-96,16-10-05,2099.88,32333,199.97,1.28,1551.7,30,6,5,2,737824874.101797,N/A
00-24-e4-1b-6f-96,16-10-06,2290.77,32333,201.58,1.28,1553.52,33,6,5,2,737875304.928794,N/A
00-24-e4-1b-6f-96,16-10-08,2399.86,32339,202.12,1.28,1708.06,30,6,5,2,737956698.452328,N/A
00-24-e4-1b-6f-96,16-10-09,2290.64,32135,198.63,1.28,1711.34,33,6,5,2,738007128.534819,N/A
00-24-e4-1b-6f-96,16-10-10,0,N/A,202.75,1108.89,2.01207,N/A,6,5,2,1476064686.898754,N/A
00-24-e4-1b-6f-96,16-10-11,1938,16165,198.25,1.30,1688.78,21,6,5,2,738082775.289074,N/A
00-24-e4-1b-6f-96,16-10-12,0,N/A,199.94,1089.40,1.87984,N/A,5,5,2,1476215980.904727,N/A
00-24-e4-20-28-c6,16-09-28,4.24723,534.961,137.98,56.29,132.43,3.93394,12,7,3,7487666.203061,N/A
00-24-e4-20-28-c6,16-09-29,4.26891,503.71,135.82,53.08,180.943,3.91651,4,5,2,6585524.598858,N/A
00-24-e4-20-28-c6,16-09-30,4.25914,505.149,135.70,53.50,180.755,3.90216,5,5,2,6070962.740585,N/A
00-24-e4-20-28-c6,16-10-01,4.22368,511.765,135.54,53.91,178.327,3.9422,4,5,2,5484499.288587,N/A
00-24-e4-20-28-c6,16-10-02,4.24558,502.449,135.65,53.67,146.069,3.87639,5,5,2,5949240.480628,N/A
00-24-e4-20-28-c6,16-10-03,4.27125,519.385,135.29,54.57,138.36,3.92641,4,5,2,4901989.728236,N/A
00-24-e4-20-28-c6,16-10-04,9.41428,504.946,128.50,32.81,291.119,3.71953,7,5,2,5036127.237592,N/A
00-24-e4-20-28-c6,16-10-05,9.39475,464.423,131.26,31.00,258.024,3.62665,4,5,2,5998663.789923,N/A
00-24-e4-20-28-c6,16-10-06,8.99792,3220.88,434.88,210.94,155.469,3.81654,7,5,2,5833037.180491,N/A
00-24-e4-20-28-c6,16-10-08,9.50195,476.224,132.80,31.02,305.154,3.68361,5,5,2,5903726.041273,N/A
00-24-e4-20-28-c6,16-10-09,9.50825,469.135,131.94,30.83,309.719,3.64893,4,5,2,6362139.404200,N/A
00-24-e4-20-28-c6,16-10-10,9.38054,470.68,130.86,31.55,248.445,3.61513,5,5,2,5507851.664419,N/A
00-24-e4-20-28-c6,16-10-11,9.33719,467.51,131.21,30.83,318.764,3.68668,4,5,2,6099959.438772,N/A
00-24-e4-20-28-c6,16-10-12,9.35661,460.326,130.01,30.76,310.054,3.6332,4,5,2,10775478.169306,N/A
00-62-6e-51-27-2e,16-09-28,6.75384,8293.57,104.97,405.38,851.366,6.29154,37,65534,2,1596397.384839,61.074102
00-62-6e-51-27-2e,16-09-29,6.60908,1214.69,104.69,59.96,43.3486,6.3245,29,405,2,853679.157197,60.083558
00-62-6e-51-27-2e,16-09-30,6.68416,1187.77,105.53,59.54,39.8814,6.18018,30,592,2,854718.414975,60.125927
00-62-6e-51-27-2e,16-10-01,5.47273,1399.6,107.19,66.11,37.2075,7.49485,32,2166,2,853779.157365,60.000211
00-62-6e-51-27-2e,16-10-02,7.71789,1064.69,105.36,55.67,58.6282,5.35328,28,7,2,890949.990082,59.999875
00-62-6e-51-27-2e,16-10-03,7.14151,1171.38,104.36,58.76,43.2961,5.8961,28,7,2,854866.502675,60.041693
00-62-6e-51-27-2e,16-10-04,7.21703,1133.45,104.99,56.79,41.7182,5.8586,29,11,2,864432.327866,60.674434
00-62-6e-51-27-2e,16-10-05,7.40711,1194.92,112.82,61.30,61.1994,5.61882,32,546,2,854966.619707,60.084884
00-62-6e-51-27-2e,16-10-06,7.22372,1138.02,105.15,57.28,41.5538,5.8295,31,142,2,854027.075000,60.041646
00-62-6e-51-27-2e,16-10-08,7.12544,1070.43,106.69,54.25,47.0011,5.84578,27,7,2,854127.075025,60.000022
00-62-6e-51-27-2e,16-10-09,7.08581,1063.17,106.49,54.40,44.1303,5.81267,27,7,2,854671.676686,60.041761
00-62-6e-51-27-2e,16-10-10,8.37424,1053.75,106.22,54.91,44.4655,5.06088,27,7,2,855712.687299,60.125238
00-62-6e-51-27-2e,16-10-11,7.64871,1080.16,105.68,55.44,42.1784,5.48827,28,8,2,855266.967811,60.083913
00-62-6e-51-27-2e,16-10-12,7.17947,1124.17,105.60,56.49,43.5017,5.86687,30,8,2,1441642.544651,60.069684
08-21-ef-3b-fc-e3,16-09-23,11.0871,2237.03,206.34,79.26,557.829,6.00981,145,21,5,3171266.344519,12980.117919
08-21-ef-3b-fc-e3,16-09-24,96.7361,4382.6,291.29,25.08,2789.61,5.25152,100,21,3,9217033.472390,42969.869413
08-21-ef-3b-fc-e3,16-09-25,102.234,3290.29,251.60,18.30,4775.53,5.11875,90,18,3,10924531.272937,24453.376564
08-21-ef-3b-fc-e3,16-09-26,69.1462,3558.86,276.78,28.99,4566.3,5.09871,107,19,3,7301477.210193,10748.405765
08-21-ef-3b-fc-e3,16-09-27,54.2675,3527.32,293.78,33.16,1975.74,5.56984,114,21,3,10172308.096442,8111.383311
08-21-ef-3b-fc-e3,16-09-28,18.9766,157036,933.64,2515.26,2157.97,8.52061,314,419,5,1539733.500831,6244.133894
08-21-ef-3b-fc-e3,16-09-29,32.792,9731.94,316.57,99.90,1840.38,8.36612,150,448,5,3470885.974228,7625.414637
08-21-ef-3b-fc-e3,16-09-30,8.61274,3180.02,150.43,63.07,300.182,13.1094,59,631,4,26822570.176112,N/A
08-21-ef-3b-fc-e3,16-10-01,18.9967,6670.56,198.36,59.94,815.334,15.1758,151,2292,5,3479552.443450,10087.680166
08-21-ef-3b-fc-e3,16-10-02,32.6339,4085.63,221.90,47.97,699.557,7.15974,129,24,3,3391747.747547,0.004538
08-21-ef-3b-fc-e3,16-10-03,28.296,3988.67,214.61,53.79,519.2,7.10302,134,23,3,2998974.093763,6301.150441
08-21-ef-3b-fc-e3,16-10-04,24.0643,19604.7,554.68,279.81,14806.6,7.76621,176,30,4,2634974.956078,13555.281679
08-21-ef-3b-fc-e3,16-10-05,9.80141,71049.7,401.52,1490.13,2026.82,11.1721,345,867,5,728002.837328,6204.209783
08-21-ef-3b-fc-e3,16-10-06,14.3551,8305.13,229.02,145.07,233.804,9.89404,118,180,5,2712791.850292,3440.193443
08-21-ef-3b-fc-e3,16-10-08,7.92925,4124.56,209.29,146.26,291.405,7.74004,182,25,5,1056500.551709,11615.105156
08-21-ef-3b-fc-e3,16-10-09,18.644,5856.13,228.08,104.61,512.218,7.75748,150,21,3,1276831.757196,17820.865191
08-21-ef-3b-fc-e3,16-10-10,18.7676,4889.91,218.64,90.44,473.781,7.45022,156,26,3,1587208.022171,19642.956320
08-21-ef-3b-fc-e3,16-10-11,20.3018,20413.2,639.50,355.41,11136.1,7.39293,149,20,4,2236649.923956,11390.502449
08-21-ef-3b-fc-e3,16-10-12,59.4279,54812.9,863.76,375.94,14165.6,6.97714,90,23,4,4406692.303885,6084.892436
14-cc-20-51-33-ea,16-09-23,0.00062513,4.62131e+07,350.39,3215.41,800.911,14177.5,665,91,5,205010.312452,67.200938
14-cc-20-51-33-ea,16-09-24,0.000937826,3.19993e+07,390.87,3026.92,63.9673,9112.88,342,49,5,252176.050851,63.919361
14-cc-20-51-33-ea,16-09-25,0.00125052,2.99515e+06,90.98,429.50,177.734,6949.5,296,40,5,359447.179482,66.015525
14-cc-20-51-33-ea,16-09-26,0.000520924,4.76969e+06,117.93,634.04,129.651,6843.6,338,49,5,268212.110649,66.164506
14-cc-20-51-33-ea,16-09-27,0.000520924,7.88421e+06,106.28,578.57,172.146,12423.6,318,45,4,286738.867661,63.271160
14-cc-20-51-33-ea,16-09-28,0.00010417,11737282,598.83,12342.24,430.152,26076,1044,81,7,115167.956245,36.775515
14-cc-20-51-33-ea,16-09-29,0.000312533,2.79608e+07,146.40,1063.88,175.587,23871,579,57,6,165617.781928,28.022933
14-cc-20-51-33-ea,16-09-30,0,N/A,185.15,1482.62,113.329,N/A,399,64,5,207139.003685,28.608625
14-cc-20-51-33-ea,16-10-01,0.00010417,70441356,130.74,935.11,325.351,67527,445,49,5,199692.796958,28.392076
14-cc-20-51-33-ea,16-10-02,0,N/A,97.72,591.13,71.1811,N/A,439,53,4,223784.799572,28.432930
14-cc-20-51-33-ea,16-10-03,0,N/A,104.62,680.30,81.8391,N/A,444,45,4,213407.518602,28.905241
14-cc-20-51-33-ea,16-10-04,0.00626327,4.75327e+07,926.69,24010.14,277.025,1421.49,679,73,7,143441.818185,28.743926
14-cc-20-51-33-ea,16-10-05,0.00010417,23073483,339.58,5677.72,532.759,34227,1769,632,6,81745.645449,28.225557
14-cc-20-51-33-ea,16-10-06,0,N/A,179.75,1280.87,898.728,N/A,545,60,7,161109.037729,28.152511
14-cc-20-51-33-ea,16-10-08,0.000833565,7.30128e+06,116.14,685.99,72.8733,10575.4,445,41,4,201437.366677,28.986153
14-cc-20-51-33-ea,16-10-09,0.00145904,3198417,106.31,563.12,111.671,5613.43,428,37,4,221724.197933,28.745207
14-cc-20-51-33-ea,16-10-10,0.00166759,3034285,105.44,584.01,70.405,5145.94,423,43,4,222976.493292,29.053121
14-cc-20-51-33-ea,16-10-11,0.000312533,3.31791e+08,524.65,11696.42,428.611,26206,1459,267,5,99614.736922,28.774763
14-cc-20-51-33-ea,16-10-12,0.00175994,1.01503e+07,855.19,58856.01,85.1024,4199.7,991,444,6,299137.176964,28.502341
18-b4-30-25-be-e4,16-09-23,0,N/A,216.36,1582.30,1.74679,N/A,13,9,2,368648296.422712,N/A
18-b4-30-25-be-e4,16-09-24,0,N/A,230.89,1675.10,1.6344,N/A,13,9,2,491558661.823566,N/A
18-b4-30-25-be-e4,16-09-25,0,N/A,214.46,1394.56,1.90127,N/A,13,9,2,491586262.131606,N/A
18-b4-30-25-be-e4,16-09-26,0.25,13160,218.68,1239.34,2.38127,15,13,9,2,491613862.455935,N/A
18-b4-30-25-be-e4,16-09-27,0,N/A,217.20,1620.15,1.70662,N/A,13,9,2,368731097.617913,N/A
18-b4-30-25-be-e4,16-09-28,1,14874.7,208.92,755.80,3.46694,14,13,10,2,491669064.150331,N/A
18-b4-30-25-be-e4,16-09-29,0,N/A,213.15,1536.82,1.76446,N/A,12,8,2,491696663.283945,N/A
18-b4-30-25-be-e4,16-09-30,2795.47,13520.2,197.16,1.14,2267.8,12,14,9,2,295044050.070683,N/A
18-b4-30-25-be-e4,16-10-01,0,N/A,217.61,1680.36,1.61092,N/A,12,8,2,491751862.852569,N/A
18-b4-30-25-be-e4,16-10-02,0,N/A,212.88,1560.97,1.7846,N/A,13,9,2,491779464.013229,N/A
18-b4-30-25-be-e4,16-10-03,0,N/A,213.56,1281.81,2.2273,N/A,13,9,2,491807064.099820,N/A
18-b4-30-25-be-e4,16-10-04,3539.65,18187,202.57,0.91,2834.05,16,14,9,2,295112821.040639,N/A
18-b4-30-25-be-e4,16-10-05,4138.5,43425,216.55,1.06,2606.56,27,13,9,2,210809941.897413,N/A
18-b4-30-25-be-e4,16-10-06,0,N/A,215.92,1602.59,1.75086,N/A,13,9,2,368938098.359405,N/A
18-b4-30-25-be-e4,16-10-08,0,N/A,215.81,1559.96,1.7468,N/A,13,9,2,491972665.174673,N/A
18-b4-30-25-be-e4,16-10-09,0,N/A,210.85,1386.85,2.06186,N/A,13,9,2,492000265.617943,N/A
18-b4-30-25-be-e4,16-10-10,0,N/A,216.44,1616.40,1.72569,N/A,13,9,2,492027866.471436,N/A
18-b4-30-25-be-e4,16-10-11,0,N/A,214.53,1591.29,1.88739,N/A,13,9,2,492055465.764098,N/A
18-b7-9e-02-20-44,16-09-23,22.3429,344.993,97.07,10.07,878.59,4.06359,13,8,2,8674346.435305,6186.848853
18-b7-9e-02-20-44,16-09-24,21.7517,367.354,96.42,10.37,609.89,4.29134,12,10,2,8238687.385748,6186.517367
18-b7-9e-02-20-44,16-09-25,22.1729,342.812,96.08,9.97,633.605,4.09677,13,8,2,8574486.826026,6186.872040
18-b7-9e-02-20-44,16-09-26,21.8229,368.367,98.71,10.46,604.602,4.25285,13,9,3,7972421.114220,6177.751981
18-b7-9e-02-20-44,16-09-27,21.7358,341.301,95.82,9.93,608.399,4.16773,12,8,2,8476921.730777,6174.071340
18-b7-9e-02-20-44,16-09-28,21.7131,726.7,143.52,21.25,1430.08,4.15083,16,12,3,7487669.848564,6184.710390
18-b7-9e-02-20-44,16-09-29,16.4574,544.076,89.42,10.65,492.303,7.87278,12,8,2,7412849.262370,6186.622203
18-b7-9e-02-20-44,16-09-30,15.1501,680.566,109.97,13.95,2239.71,8.06049,14,9,3,6442111.210585,6176.127071
18-b7-9e-02-20-44,16-10-01,15.9301,577.942,88.37,10.81,588.712,8.47398,14,9,3,6959104.538838,6182.437380
18-b7-9e-02-20-44,16-10-02,15.3269,518.947,88.11,10.80,485.928,7.86519,13,8,2,7232416.487119,6177.420506
18-b7-9e-02-20-44,16-10-03,15.5292,526.343,88.29,10.71,518.905,7.95786,12,8,2,6927227.072185,6197.752882
18-b7-9e-02-20-44,16-10-04,16.0306,543.635,87.78,10.65,491.057,8.04554,11,8,2,6707208.097231,6180.379644
18-b7-9e-02-20-44,16-10-05,15.3384,815.968,121.67,16.65,1972.6,8.01249,13,9,3,5385664.862631,6188.074320
18-b7-9e-02-20-44,16-10-06,17.3394,602.995,101.83,11.17,842.269,7.9606,20,13,3,6472625.418573,5638.763293
18-b7-9e-02-20-44,16-10-08,16.2621,630.25,92.36,11.40,492.302,8.60794,13,9,2,7647313.052593,6179.307139
18-b7-9e-02-20-44,16-10-09,15.1177,553.313,95.30,11.25,719.146,8.14188,13,9,3,6865199.191149,6186.985804
18-b7-9e-02-20-44,16-10-10,15.5564,528.33,90.44,10.79,583.729,7.91265,14,9,2,7235803.245402,6173.220055
18-b7-9e-02-20-44,16-10-11,15.3911,551.545,88.55,10.83,486.708,8.30442,13,9,2,7029477.162001,6183.711951
18-b7-9e-02-20-44,16-10-12,16.5235,528.184,86.54,10.42,63.3226,7.78571,8,6,2,12100340.177261,0.199662
30-8c-fb-2f-e4-b2,16-09-23,0.0185515,150962,110.19,309.53,22.3376,484.475,3,3,N/A,N/A,N/A
30-8c-fb-2f-e4-b2,16-09-24,0.0552727,46463.9,103.31,197.41,218.409,231.057,9,7,2,184333279.316291,113.707762
30-8c-fb-2f-e4-b2,16-09-25,0.0234113,73168.4,97.67,190.04,27.9665,381.888,3,3,N/A,N/A,N/A
30-8c-fb-2f-e4-b2,16-09-26,0.0247864,95469.9,106.91,243.24,123.051,388.699,7,6,2,210698671.212325,8.752740
30-8c-fb-2f-e4-b2,16-09-27,0.020451,112589,103.73,251.99,26.3529,443.518,3,3,N/A,N/A,N/A
30-8c-fb-2f-e4-b2,16-09-28,0.00542646,660319,130.09,352.41,244.67,1866.33,9,6,4,73753205.656858,13.090783
30-8c-fb-2f-e4-b2,16-09-29,0.0227758,98295.2,108.35,248.28,29.0785,392.53,3,3,N/A,N/A,N/A
30-8c-fb-2f-e4-b2,16-09-30,0.0202398,126154,109.04,280.91,25.9233,445.578,3,3,N/A,N/A,N/A
30-8c-fb-2f-e4-b2,16-10-01,0.00678639,420904,118.33,318.56,23.1478,1312.8,3,3,N/A,N/A,N/A
30-8c-fb-2f-e4-b2,16-10-02,0.025984,66357.1,97.28,189.55,23.9977,347.09,3,3,N/A,N/A,N/A
30-8c-fb-2f-e4-b2,16-10-03,0.0215073,101542,103.23,240.49,27.7994,418.3,3,3,N/A,N/A,N/A
30-8c-fb-2f-e4-b2,16-10-04,0.0171818,245126,115.43,311.73,23.2935,777.826,3,3,N/A,N/A,N/A
30-8c-fb-2f-e4-b2,16-10-05,0.0168651,289819,143.97,533.96,22.7474,538.66,3,3,N/A,N/A,N/A
30-8c-fb-2f-e4-b2,16-10-06,0.025105,100286,115.55,277.98,27.9928,357.364,3,3,N/A,N/A,N/A
30-8c-fb-2f-e4-b2,16-10-08,0.0241521,103343,118.52,275.68,156.505,371.465,3,3,N/A,N/A,N/A
30-8c-fb-2f-e4-b2,16-10-09,0.0271179,67389.2,99.19,199.32,35.5145,334.866,3,3,N/A,N/A,N/A
30-8c-fb-2f-e4-b2,16-10-10,0.0229873,90964.5,102.57,231.88,27.5148,388.918,3,3,N/A,N/A,N/A
30-8c-fb-2f-e4-b2,16-10-11,0.00479933,841353,138.60,448.53,139.88,1869.33,6,6,2,369038759.862532,1.611732
30-8c-fb-2f-e4-b2,16-10-12,0.0230415,99399.3,110.78,250.41,211.807,393.258,3,3,N/A,N/A,N/A
40-f3-08-ff-1e-da,16-09-29,13.9194,7536.45,256.87,198.01,120.912,6.70909,60,14,3,11801023.630073,N/A
44-65-0d-56-cc-d3,16-09-23,4.37024,857.173,95.03,57.88,83.3102,6.02829,34,10,4,762875.853091,92.354070
44-65-0d-56-cc-d3,16-09-24,2.88716,42432.7,725.20,2633.15,102.301,8.21153,64,14,5,504697.311901,80.721364
44-65-0d-56-cc-d3,16-09-25,4.03272,684.919,96.18,59.43,108.702,4.91528,33,9,4,763360.133238,83.914778
44-65-0d-56-cc-d3,16-09-26,3.94134,695.54,96.21,59.63,109.217,5.05635,35,9,4,763010.029291,86.599132
44-65-0d-56-cc-d3,16-09-27,3.99328,691.602,95.37,59.36,108.766,4.99811,34,9,3,761478.887372,79.972508
44-65-0d-56-cc-d3,16-09-28,4.0951,2948.25,294.27,253.49,5024.36,4.91599,37,10,5,727711.476628,82.350510
44-65-0d-56-cc-d3,16-09-29,4.04477,689.489,95.91,59.89,107.162,4.90259,34,9,4,756103.226459,84.404785
44-65-0d-56-cc-d3,16-09-30,3.95164,802.49,105.88,68.74,846.013,5.03757,34,10,4,750760.217573,88.826007
44-65-0d-56-cc-d3,16-10-01,3.94469,953.832,123.11,79.90,6757.56,5.15672,37,9,4,755030.817675,85.399918
44-65-0d-56-cc-d3,16-10-02,3.9584,727.763,95.60,60.72,90.5014,5.16737,34,9,3,790258.684630,86.498372
44-65-0d-56-cc-d3,16-10-03,3.97545,710.361,95.86,59.92,110.223,5.09868,34,9,3,759001.800767,90.349431
44-65-0d-56-cc-d3,16-10-04,4.14329,729.418,99.84,62.74,382.03,4.88197,35,11,4,764948.581127,87.419841
44-65-0d-56-cc-d3,16-10-05,4.44787,935.823,114.18,74.08,4532.97,5.0882,41,12,5,732343.556729,86.386612
44-65-0d-56-cc-d3,16-10-06,5.773,880.999,99.38,62.22,345.143,4.8418,35,9,4,763850.218193,87.066952
44-65-0d-56-cc-d3,16-10-08,5.48605,841.967,95.96,60.24,110.139,4.94126,34,10,3,754180.676449,88.150363
44-65-0d-56-cc-d3,16-10-09,5.39184,871.429,96.05,59.98,110.651,5.19374,34,9,3,760441.912819,84.863826
44-65-0d-56-cc-d3,16-10-10,4.98973,879.061,95.63,60.41,129.435,5.46378,34,9,3,752346.749502,88.321039
44-65-0d-56-cc-d3,16-10-11,4.81835,888.647,95.84,60.10,92.0442,5.67334,35,10,4,754698.757264,86.911096
44-65-0d-56-cc-d3,16-10-12,4.68018,884.239,95.37,60.68,130.248,5.70034,33,9,3,1262824.608225,84.712144
50-c7-bf-00-56-39,16-09-23,74.3935,361.409,110.22,3.55,636.681,3.94326,27,5,2,32057350.023246,3604.795698
50-c7-bf-00-56-39,16-09-24,70.6652,393.09,115.49,3.97,556.772,4.03448,24,6,2,20201700.475092,3604.098082
50-c7-bf-00-56-39,16-09-25,74.7836,366.098,111.79,3.65,619.269,3.86512,27,5,2,35114538.856486,3453.924906
50-c7-bf-00-56-39,16-09-26,74.1083,372.63,113.94,3.78,584.419,3.83505,24,5,2,27828260.366893,3606.276910
50-c7-bf-00-56-39,16-09-27,75.6235,356.286,110.78,3.54,637.715,3.83217,25,5,2,32777415.875580,3455.088789
50-c7-bf-00-56-39,16-09-28,73.183,384.635,114.87,3.86,585.95,3.92361,23,5,2,28922946.117173,3605.433738
50-c7-bf-00-56-39,16-09-29,73.7482,374.843,110.28,3.59,630.451,4.08627,28,5,2,31386314.198031,3454.684278
50-c7-bf-00-56-39,16-09-30,75.5273,363.416,111.03,3.58,632.168,3.8809,28,5,2,31388155.600241,3455.550347
50-c7-bf-00-56-39,16-10-01,73.9572,367.948,112.31,3.67,615.241,3.90139,25,5,2,28371727.897057,3605.418445
50-c7-bf-00-56-39,16-10-02,75.2301,354.562,108.34,3.51,643.686,3.86919,22,5,2,30737767.083224,3607.111957
50-c7-bf-00-56-39,16-10-03,73.1989,380.84,113.00,3.74,604.501,4.00709,28,5,2,30112231.628383,3455.252972
50-c7-bf-00-56-39,16-10-04,76.8455,354.581,110.87,3.57,633.044,3.72842,27,5,2,32790797.052847,3454.782489
50-c7-bf-00-56-39,16-10-05,71.6419,413.352,115.05,4.08,553.721,4.0669,31,15,2,33537927.570838,3173.700153
50-c7-bf-00-56-39,16-10-06,75.2747,365.744,111.57,3.67,615.314,3.81315,28,5,2,31399049.553161,3454.712461
70-5a-0f-e4-9b-c0,16-09-23,15.5779,1379.19,261.82,43.20,2275.08,5.15205,16,17,4,122884580.658561,N/A
70-5a-0f-e4-9b-c0,16-09-24,17.33,264.855,69.37,7.13,395.325,5.4845,15,12,2,30095946.442417,N/A
70-5a-0f-e4-9b-c0,16-09-25,17.5786,260.949,66.90,6.85,227.719,5.55099,13,9,2,737393884.737997,N/A
70-5a-0f-e4-9b-c0,16-09-26,15.8459,228.447,67.06,6.89,226.461,5.28171,13,10,2,737437081.645584,N/A
70-5a-0f-e4-9b-c0,16-09-27,14.8727,203.452,66.76,6.88,360.831,4.96573,13,9,2,737480278.931820,N/A
70-5a-0f-e4-9b-c0,16-09-28,14.5833,233.207,73.28,7.82,527.78,5.09129,20,12,6,21691866.946465,N/A
70-5a-0f-e4-9b-c0,16-09-29,14.4668,258.105,78.43,8.56,1402.19,5.17982,16,10,6,42146667.231453,N/A
70-5a-0f-e4-9b-c0,16-09-30,14.7017,218.326,67.68,7.23,363.314,5.11573,13,10,2,737609873.548480,N/A
70-5a-0f-e4-9b-c0,16-10-01,14.5964,218.748,67.72,7.28,370.728,5.1233,13,9,2,737653071.079226,N/A
70-5a-0f-e4-9b-c0,16-10-02,14.433,236.63,68.80,7.68,329.462,5.30168,13,9,2,491797514.312050,N/A
70-5a-0f-e4-9b-c0,16-10-03,14.6631,220.199,67.66,7.25,333.401,5.15658,13,9,2,737739468.360026,N/A
70-5a-0f-e4-9b-c0,16-10-04,14.7668,230.08,70.84,7.57,312.891,5.132,15,12,4,34315472.981500,N/A
70-5a-0f-e4-9b-c0,16-10-05,11.5983,13664.3,704.64,485.51,1692.55,5.78096,30,37,8,8529865.482587,N/A
70-5a-0f-e4-9b-c0,16-10-06,13.3475,252.014,73.33,8.60,1489.7,5.38043,16,11,6,92234297.245262,N/A
70-5a-0f-e4-9b-c0,16-10-08,13.4315,219.264,65.29,7.49,341.443,5.34102,13,9,2,737960772.064170,N/A
70-5a-0f-e4-9b-c0,16-10-09,13.2712,219.319,65.36,7.53,325.589,5.36682,13,9,2,738003969.308989,N/A
70-5a-0f-e4-9b-c0,16-10-10,13.3915,220.514,65.28,7.49,349.398,5.38915,13,9,2,738047166.094256,N/A
70-5a-0f-e4-9b-c0,16-10-11,13.2421,439.013,101.69,14.60,1986.61,5.55381,16,15,4,82010040.315758,N/A
70-5a-0f-e4-9b-c0,16-10-12,13.276,442.34,111.84,14.94,3836.02,5.45771,15,13,3,369060159.081822,N/A
70-ee-50-03-b8-ac,16-09-23,19.2741,1521.54,149.89,23.73,33.7876,8.64307,18,5,2,9216491.546247,N/A
70-ee-50-03-b8-ac,16-09-24,19.8767,1530.88,149.49,23.49,37.637,8.55034,18,5,2,8147654.502100,N/A
70-ee-50-03-b8-ac,16-09-25,20.467,1559.04,149.23,22.96,34.922,8.68009,18,5,2,9047921.973587,N/A
70-ee-50-03-b8-ac,16-09-26,20.6927,1502.4,149.01,23.00,34.849,8.27452,18,5,2,8574988.949222,N/A
70-ee-50-03-b8-ac,16-09-27,19.8465,1522.43,149.33,23.83,33.9241,8.39286,18,5,2,9161395.586343,N/A
70-ee-50-03-b8-ac,16-09-28,18.9764,1516.69,150.26,24.15,32.8037,8.5774,18,5,2,8526421.259104,N/A
70-ee-50-03-b8-ac,16-09-29,18.9285,1587.71,139.32,22.77,37.4938,9.53641,18,5,2,4351494.626480,N/A
70-ee-50-03-b8-ac,16-09-30,19.2626,1584.26,135.45,22.12,40.5128,9.65915,18,5,2,4364625.869857,N/A
70-ee-50-03-b8-ac,16-10-01,17.3033,1515.91,138.51,23.81,35.8475,9.40074,18,5,2,4901428.249265,N/A
70-ee-50-03-b8-ac,16-10-02,17.7985,1520.48,138.24,23.52,38.1035,9.32185,18,5,2,5195116.476257,N/A
70-ee-50-03-b8-ac,16-10-03,19.2659,1624.72,136.76,22.31,38.2671,9.82027,18,5,2,4484800.133800,N/A
70-ee-50-03-b8-ac,16-10-04,19.2897,1683.58,137.22,21.80,35.4879,10.3962,18,5,2,4714331.738266,N/A
70-ee-50-03-b8-ac,16-10-05,18.7809,1648.76,137.80,22.70,38.426,10.0085,18,5,2,4418180.293217,N/A
70-ee-50-03-b8-ac,16-10-06,18.2162,1657.94,138.74,23.11,37.8458,10.1486,18,5,2,4568911.096891,N/A
70-ee-50-03-b8-ac,16-10-08,17.9355,1580.58,137.09,23.31,42.0864,9.72143,18,5,2,4315588.548261,N/A
70-ee-50-03-b8-ac,16-10-09,18.1895,1582.33,137.95,23.15,33.4261,9.68626,18,5,2,4612554.260306,N/A
70-ee-50-03-b8-ac,16-10-10,19.1821,1660.57,136.76,22.47,37.9848,9.99742,18,5,2,4193477.936007,N/A
70-ee-50-03-b8-ac,16-10-11,16.7422,1505.27,138.48,23.85,41.1248,9.5938,18,5,2,5004035.501880,N/A
70-ee-50-03-b8-ac,16-10-12,15.3485,1494.1,137.30,25.84,33.7538,9.45154,18,5,2,7570471.321701,N/A
70-ee-50-18-34-43,16-09-23,5.21051,2073.25,335.32,150.41,371.222,5.03494,29,16,2,26332830.042948,554.316941
70-ee-50-18-34-43,16-09-24,5.33407,278.438,75.32,20.21,2035.23,4.95806,25,13,2,12823696.238791,960.045875
70-ee-50-18-34-43,16-09-25,5.36017,214.767,58.66,15.37,226.789,5.01359,32,16,2,27311316.795744,973.823320
70-ee-50-18-34-43,16-09-26,5.79298,1896.24,325.96,141.80,320.837,4.5613,29,14,2,22013352.559439,941.387902
70-ee-50-18-34-43,16-09-27,5.37801,1044.79,219.98,76.54,562.244,4.8875,31,15,2,20205221.950606,931.406153
70-ee-50-18-34-43,16-09-28,5.58617,6761.51,558.71,498.55,169.781,4.73783,29,15,2,24584469.033657,888.799141
70-ee-50-18-34-43,16-09-29,5.15337,4231.42,483.00,306.06,198.192,5.08675,30,15,2,20207586.668645,865.268843
70-ee-50-18-34-43,16-09-30,5.60953,1553.84,293.67,115.68,487.01,4.67937,18,10,2,28370070.054984,756.690561
70-ee-50-18-34-43,16-10-01,5.47415,2895.19,389.32,211.16,238.049,4.85352,19,10,2,39873780.182622,915.995448
70-ee-50-18-34-43,16-10-02,5.80881,337.556,90.35,25.02,1639.57,4.59485,32,15,2,24187042.651186,865.659368
70-ee-50-18-34-43,16-10-03,5.6124,830.004,186.34,61.61,664.641,4.69203,18,10,2,34313906.552369,892.039146
70-ee-50-18-34-43,16-10-04,5.2576,2914.49,396.11,208.42,290.457,5.07931,31,17,2,19415562.660228,943.245083
70-ee-50-18-34-43,16-10-05,5.18337,4373.95,464.80,317.07,299.628,5.05684,29,14,2,20214673.237553,904.735895
70-ee-50-18-34-43,16-10-06,5.32421,521.041,127.69,37.45,3578.07,5.01433,18,10,2,35137063.037273,945.082703
70-ee-50-18-34-43,16-10-08,5.37226,215.267,59.36,15.57,364.252,4.95485,29,15,2,20218216.463847,939.780664
70-ee-50-18-34-43,16-10-09,5.6741,206.394,59.08,15.31,312.033,4.66199,29,14,2,20219392.624890,933.456726
70-ee-50-18-34-43,16-10-10,5.58817,207.207,58.79,15.23,337.186,4.75228,30,15,2,25896565.298071,927.706510
70-ee-50-18-34-43,16-10-11,5.6121,215.511,59.77,16.06,322.038,4.6748,32,15,2,19171306.775703,914.577597
70-ee-50-18-34-43,16-10-12,5.38721,229.509,62.57,16.91,277.694,4.85332,30,14,2,17574279.218758,905.046235
74-2f-68-81-69-42,16-09-23,0.481572,609477,817.74,18294.28,156.718,28.5918,291,239,8,810224.771148,N/A
74-2f-68-81-69-42,16-10-05,0.119009,1.19795e+06,606.65,10171.41,244.931,113.202,1020,812,12,123373.216149,2359.079230
74-2f-68-81-69-42,16-10-11,0.32549,1.29059e+06,709.33,31316.19,153.592,37.1664,1065,2312,9,265880.418764,N/A
74-2f-68-81-69-42,16-10-12,0,N/A,940.21,577261.29,8.67981,N/A,664,502,9,774117.445368,N/A
74-6a-89-00-2e-25,16-09-23,0,N/A,108.66,724.53,1.21525,N/A,5,5,2,1474614605.063787,N/A
74-6a-89-00-2e-25,16-09-28,663.375,6395,109.84,2.39,499.407,12,5,5,2,491676464.588391,N/A
74-6a-89-00-2e-25,16-10-04,0,N/A,109.84,727.20,1.20404,N/A,5,5,2,1475562005.121012,N/A
74-c6-3b-29-d7-1d,16-09-28,21.4866,299.115,83.04,8.72,285.395,4.20221,13,10,4,30103349.499722,N/A
74-c6-3b-29-d7-1d,16-09-29,23.114,260.061,76.65,7.46,372.102,4.00727,6,5,2,122929728.539599,N/A
74-c6-3b-29-d7-1d,16-09-30,21.9339,304.749,74.48,7.25,74.1531,5.05748,6,5,2,147524311.661824,N/A
74-c6-3b-29-d7-1d,16-10-01,23.0567,258.274,74.29,7.29,72.9571,4.08005,6,5,2,163925498.659363,N/A
74-c6-3b-29-d7-1d,16-10-02,22.6934,309.592,76.35,7.63,288.625,4.73553,8,5,2,122950266.251060,N/A
74-c6-3b-29-d7-1d,16-10-03,22.0968,277.293,74.50,7.34,70.753,4.51839,6,5,2,184436197.726497,N/A
74-c6-3b-29-d7-1d,16-10-04,22.8858,266.722,73.99,7.20,87.7254,4.29031,6,5,2,147557595.242009,N/A
74-c6-3b-29-d7-1d,16-10-05,21.9934,594.306,113.11,16.42,217.968,4.34687,20,10,4,10693092.143565,N/A
8a-05-81-fa-cc-14,16-09-28,6.75,504,76.50,25.16,7.13725,3,3,3,N/A,N/A,N/A
ac-bc-32-d4-6f-2f,16-09-28,1.47107,2.98766e+06,705.53,26222.86,112.641,76.4364,502,65534,8,299745.753869,354.547298
ac-bc-32-d4-6f-2f,16-09-29,0.742342,60525.2,227.70,913.33,200.079,53.0426,102,22,8,1803334.725323,304.045452
ac-bc-32-d4-6f-2f,16-10-04,1.19726,4.02602e+06,1239.04,214680.02,32.6648,13.3959,160,23,8,737044.090186,620.181219
ac-bc-32-d4-6f-2f,16-10-05,25.1732,53743.3,383.84,408.53,539.299,13.9826,117,22,9,2232438.448291,1964.806791
ac-bc-32-d4-6f-2f,16-10-06,1.03984,209970,648.98,9215.25,115.411,16.9045,150,22,9,979904.821001,91.046922
b4-ce-f6-a7-a3-c2,16-09-23,12.8988,53306.6,506.45,874.50,905.641,11.4734,91,20,3,5342786.347951,10.481604
b4-ce-f6-a7-a3-c2,16-10-04,0.571429,44037.3,271.45,1783.32,5.048,20,21,11,3,105397439.629353,N/A
b4-ce-f6-a7-a3-c2,16-10-05,20.8099,13568.1,348.78,218.01,1190.03,7.81627,173,19,5,4327439.936958,2009.068827
b4-ce-f6-a7-a3-c2,16-10-11,2.58079,245525,684.51,7893.52,48.102,16.4634,73,18,4,11268253.259211,7.565326
b4-ce-f6-a7-a3-c2,16-10-12,6.34091,10152.4,279.31,406.53,177.077,7.99565,88,19,4,6834453.464293,908.597389
d0-52-a8-00-67-5e,16-09-23,4.13386,185.616,56.93,19.52,24.8286,3.99956,76,5,2,9765822.367319,575.615550
d0-52-a8-00-67-5e,16-09-24,4.17747,177.613,55.28,18.73,75.9846,3.96323,62,6,2,3641296.479845,596.486544
d0-52-a8-00-67-5e,16-09-25,4.23396,170.832,55.09,18.09,21.9993,3.91647,71,5,2,9832076.134669,575.480029
d0-52-a8-00-67-5e,16-09-26,4.22152,174.177,55.57,18.45,25.1849,3.92164,67,5,2,9394253.520094,553.438222
d0-52-a8-00-67-5e,16-09-27,4.1801,173.655,55.34,18.42,23.0902,3.93899,77,6,2,9899226.411075,579.280901
d0-52-a8-00-67-5e,16-09-28,4.15503,184.59,56.93,19.42,61.5117,3.98613,79,7,3,9049515.913276,571.729019
d0-52-a8-00-67-5e,16-09-29,4.18369,183.169,56.95,19.38,26.3807,3.9465,74,5,2,10035084.507921,591.237954
d0-52-a8-00-67-5e,16-09-30,4.17643,180.295,56.45,19.19,22.168,3.9281,74,5,2,9769826.304969,571.667368
d0-52-a8-00-67-5e,16-10-01,4.21946,169.804,54.75,18.00,23.9202,3.9191,61,5,2,10036259.147779,587.146530
d0-52-a8-00-67-5e,16-10-02,4.21679,167.414,54.07,17.80,27.6365,3.90924,65,5,2,10463920.700170,590.826405
d0-52-a8-00-67-5e,16-10-03,4.23154,168.108,54.03,17.78,37.0896,3.92313,63,5,2,9902678.821690,587.167130
d0-52-a8-00-67-5e,16-10-04,4.28019,178.459,56.17,18.69,30.1349,3.93392,60,6,2,10318779.444652,603.640189
d0-52-a8-00-67-5e,16-10-05,3.96044,210.221,59.96,21.95,23.4731,4.12658,74,5,2,9970759.307692,591.217152
d0-52-a8-00-67-5e,16-10-06,4.17295,181.666,56.49,19.16,20.9117,3.96543,65,5,2,9904420.879409,579.285139
d0-52-a8-00-67-5e,16-10-08,4.20936,167.581,53.84,17.76,23.4168,3.92542,70,5,2,10040349.465398,587.254660
d0-52-a8-00-67-5e,16-10-09,4.24017,168.833,54.14,17.77,23.6322,3.93622,75,5,2,10109710.298254,591.260661
d0-52-a8-00-67-5e,16-10-10,4.20816,172.169,55.31,18.26,70.7323,3.92393,57,5,2,10041524.050108,595.362406
d0-52-a8-00-67-5e,16-10-11,4.04591,201.832,59.03,21.16,51.8035,4.06173,81,7,2,9974259.246891,595.371925
d0-52-a8-00-67-5e,16-10-12,4.09541,181.618,56.27,19.27,22.0765,3.98563,47,7,3,15873569.157046,592.601468
d0-73-d5-01-83-08,16-09-28,20.141,414.995,81.52,13.14,200.441,4.09839,110,8,3,4214489.052229,286.499887
d0-73-d5-01-83-08,16-09-29,18.9282,548.956,79.64,11.66,71.6618,6.43815,152,5,3,2312159.196561,274.216987
d0-73-d5-01-83-08,16-09-30,19.1803,462.006,81.06,11.68,111.74,5.35783,162,8,3,2375594.021291,280.211134
d0-73-d5-01-83-08,16-10-01,16.4648,387.284,80.78,11.19,31.0348,5.33267,142,5,3,2387265.835518,279.542633
d0-73-d5-01-83-08,16-10-02,16.0724,455.635,81.11,11.83,82.1287,6.05726,142,5,3,2467245.962412,279.658245
d0-73-d5-01-83-08,16-10-03,16.1667,350.166,79.02,10.96,40.8361,4.99889,152,5,3,2379837.878476,278.637985
d0-73-d5-01-83-08,16-10-04,16.2268,362.106,79.47,11.22,87.0409,5.03287,152,6,3,2430948.737698,289.896063
d0-73-d5-01-83-08,16-10-05,16.9535,375.499,81.35,11.90,90.9867,4.74232,145,8,3,2395571.741245,284.797460
d0-73-d5-01-83-08,16-10-06,16.4713,402.769,81.02,11.33,87.5912,5.47858,147,5,3,2411370.247943,284.155555
d0-73-d5-01-83-08,16-10-08,19.7586,529.608,81.00,11.04,43.557,6.32,143,5,3,2427518.644819,285.096499
d0-73-d5-01-83-08,16-10-09,18.6545,426.413,79.60,10.99,90.257,5.37303,151,5,3,2460029.558689,289.896176
d0-73-d5-01-83-08,16-10-10,16.051,358.858,78.13,10.91,41.0368,5.17943,152,5,3,2419842.843265,283.220977
d0-73-d5-01-83-08,16-10-11,16.4733,355.644,80.29,11.17,88.8291,4.90668,129,5,3,2412076.035192,283.220875
d0-73-d5-01-83-08,16-10-12,17.7599,323.932,80.72,11.33,37.2025,4.13214,118,5,3,4100671.758396,284.913342
d0-a6-37-df-a1-e1,16-09-23,24.4068,4443.8,194.44,82.61,102.889,5.8,29,18,2,17766271.190665,0.003997
d0-a6-37-df-a1-e1,16-09-26,31.6923,2889.06,184.26,57.67,140.416,4.27778,30,19,2,16207159.362604,0.080570
d0-a6-37-df-a1-e1,16-10-04,24.5882,10341.6,318.92,140.30,169.746,7.42105,24,15,2,105396119.164867,N/A
d2-13-91-23-2a-58,16-09-28,6.75,504,74.15,26.26,6.79654,3,3,3,N/A,N/A,N/A
e0-76-d0-33-bb-85,16-09-23,45.6291,1008.92,171.43,15.05,167.701,4.13287,7,8,2,2011785.572786,N/A
e0-76-d0-33-bb-85,16-09-24,47.9274,886.363,166.89,12.87,196.03,4.05347,8,9,2,2405750.764442,N/A
e0-76-d0-33-bb-85,16-09-25,43.0951,820.738,165.24,12.84,206.949,4.15864,7,8,2,2394174.700240,N/A
e0-76-d0-33-bb-85,16-09-26,48.9164,893.934,167.74,12.93,194.433,3.99199,7,8,2,2398208.144858,N/A
e0-76-d0-33-bb-85,16-09-27,47.0586,904.062,167.14,13.18,190.223,4.1089,7,8,2,2375176.175459,N/A
e0-76-d0-33-bb-85,16-09-28,40.3471,2185.14,292.29,35.04,2832.07,4.31358,9,11,3,1551073.411632,N/A
e0-76-d0-33-bb-85,16-09-29,45.8533,1538.52,166.38,14.81,177.614,6.3759,7,9,2,2252147.589445,N/A
e0-76-d0-33-bb-85,16-09-30,108.872,990.74,158.93,5.62,351.904,4.72393,7,9,2,8429960.402609,N/A
e0-76-d0-33-bb-85,16-10-01,109.014,955.76,157.19,5.47,327.191,4.67413,7,9,2,9337528.288208,N/A
e0-76-d0-33-bb-85,16-10-02,112.029,964.657,156.40,5.29,404.723,4.75221,7,8,2,9397534.906290,N/A
e0-76-d0-33-bb-85,16-10-03,112.885,927.317,154.17,5.33,494.923,4.5,7,9,2,9221871.074999,N/A
e0-76-d0-33-bb-85,16-10-04,104.575,948.089,152.48,5.60,409.007,4.71598,9,8,3,8289807.696753,N/A
e0-76-d0-33-bb-85,16-10-05,118.619,941.79,148.53,5.17,425.586,4.47945,7,9,2,18445326.175765,N/A
e8-ab-fa-19-de-4f,16-09-28,7.94872,3211.44,120.15,45.37,49.2696,19.1667,19,102,2,163891962.962041,60.007718
ec-1a-59-79-f4-89,16-09-23,11.9393,5534.17,234.43,186.55,240.24,5.95467,11,11,2,15687638.189130,N/A
ec-1a-59-79-f4-89,16-09-24,11.6389,5433.17,236.22,180.30,246.717,6.17382,11,12,2,10312763.248045,N/A
ec-1a-59-79-f4-89,16-09-25,11.6882,5577.83,241.20,184.01,235.451,6.18855,11,11,2,15689471.676403,N/A
ec-1a-59-79-f4-89,16-09-26,12.2857,4235.23,226.92,138.06,327.766,6.01812,14,14,2,13784086.837962,39.731745
ec-1a-59-79-f4-89,16-09-27,13.6884,483.119,87.38,14.00,297.833,6.20504,7,6,2,15364417.773799,N/A
ec-1a-59-79-f4-89,16-09-28,12.8023,2564.73,198.02,78.88,424.544,6.17049,14,13,2,15365321.069278,19.369178
ec-1a-59-79-f4-89,16-09-29,11.6788,5026.78,236.07,172.02,194.94,5.96955,11,12,2,15693146.338653,N/A
ec-1a-59-79-f4-89,16-09-30,11.7233,4984.26,231.48,170.05,242.355,5.97149,10,9,2,14049929.317618,N/A
ec-1a-59-79-f4-89,16-10-01,11.7118,5056.93,235.71,170.43,196.747,6.05779,11,11,2,15368014.695676,N/A
ec-1a-59-79-f4-89,16-10-02,11.6179,5090.1,231.76,176.17,198.508,5.93807,15,13,2,15864655.621979,6401.608363
ec-1a-59-79-f4-89,16-10-03,11.5491,4919.99,235.68,170.31,193.123,5.96382,11,11,2,14465665.892138,N/A
ec-1a-59-79-f4-89,16-10-04,11.9776,4923.63,234.38,163.26,197.418,6.0398,10,12,2,14466517.177491,N/A
ec-1a-59-79-f4-89,16-10-05,10.7045,4681.73,235.65,168.36,201.149,6.08406,12,14,2,15213109.225619,N/A
ec-1a-59-79-f4-89,16-10-06,10.1465,4015.78,226.20,155.16,172.18,5.91084,15,13,2,14906647.106849,19.349691
ec-1a-59-79-f4-89,16-10-08,10.0943,3936.87,226.03,153.80,204.561,5.86396,10,11,2,15701381.452355,N/A
ec-1a-59-79-f4-89,16-10-09,10.1487,4011.76,225.26,153.14,212.79,5.97635,10,11,2,14760167.178660,N/A
ec-1a-59-79-f4-89,16-10-10,10.2646,4072.9,225.70,154.10,212.415,5.97521,10,9,2,15376078.678708,N/A
ec-1a-59-79-f4-89,16-10-11,9.88501,4063.49,226.49,157.66,253.433,6,16,16,2,14911010.359719,19.365770
ec-1a-59-79-f4-89,16-10-12,10.0897,4141.58,221.34,157.01,213.518,6.04182,11,11,2,25452430.960055,N/A
ec-1a-59-83-28-11,16-09-23,11.153,7266.22,235.77,245.57,182.922,6.26927,12,13,2,15360818.179310,N/A
ec-1a-59-83-28-11,16-09-24,11.588,6520.36,229.13,216.25,206.666,6.19902,11,13,2,9766383.396527,N/A
ec-1a-59-83-28-11,16-09-25,11.4092,6633.19,232.47,221.74,190.904,6.22557,11,12,2,15362614.295541,N/A
ec-1a-59-83-28-11,16-09-26,11.4466,5128.17,219.62,174.50,259.312,6.10003,11,11,2,15363521.477033,N/A
ec-1a-59-83-28-11,16-09-27,11.5619,1481.45,146.55,51.73,93.679,5.89851,10,9,2,15691311.395208,N/A
ec-1a-59-83-28-11,16-09-28,10.678,5241.42,251.14,186.23,120.46,6.1721,18,18,2,15206915.214339,19.335975
ec-1a-59-83-28-11,16-09-29,11.0823,6575.72,238.31,228.19,173.647,6.13614,12,13,2,15052610.288477,N/A
ec-1a-59-83-28-11,16-09-30,11.0039,6593.68,237.13,230.25,176.047,6.13229,11,10,2,15208688.548007,N/A
ec-1a-59-83-28-11,16-10-01,11.3453,5954.84,227.27,206.48,156.749,6.04013,12,12,2,15368015.200590,N/A
ec-1a-59-83-28-11,16-10-02,11.3216,6221.71,224.06,211.58,215.891,6.15773,13,11,2,16037092.534815,0.018019
ec-1a-59-83-28-11,16-10-03,11.2114,6026.23,227.22,206.69,154.026,6.15289,11,10,2,15369784.804413,N/A
ec-1a-59-83-28-11,16-10-04,11.3929,5985.79,229.22,203.40,155.313,6.13292,11,13,2,15866497.564967,N/A
ec-1a-59-83-28-11,16-10-05,10.2021,7520.91,250.49,258.32,122.544,6.61497,13,15,2,15371574.141279,N/A
ec-1a-59-83-28-11,16-10-06,10.1561,4829.23,220.84,185.19,206.038,5.94565,11,10,2,15372478.720334,N/A
ec-1a-59-83-28-11,16-10-08,10.0208,4786.94,221.07,183.41,171.993,6.01179,11,12,2,15374284.569214,N/A
ec-1a-59-83-28-11,16-10-09,10.0002,4681.21,220.50,182.76,177.913,5.90836,11,12,2,15061390.559228,N/A
ec-1a-59-83-28-11,16-10-10,10.1178,4823.96,220.85,184.11,179.656,5.98999,11,10,2,15376074.256076,N/A
ec-1a-59-83-28-11,16-10-11,10.1493,6297.97,242.59,238.84,173.962,6.0119,12,15,2,14761890.831340,N/A
ec-1a-59-83-28-11,16-10-12,10.5099,6444.7,241.56,247.42,132.078,5.78287,12,13,2,22711414.576518,N/A
f4-5c-89-93-cc-85,16-10-04,1.64265,93159.2,322.03,3704.56,67.711,16.125,92,19,5,5902243.323143,231.783335
f4-f2-6d-93-51-f1,16-09-23,19.8895,259.758,72.21,9.14,194.369,3.72458,32,13,3,15687645.858327,N/A
f4-f2-6d-93-51-f1,16-09-24,19.4695,272.687,72.51,9.76,475.28,3.72792,23,15,3,9159783.961331,N/A
f4-f2-6d-93-51-f1,16-09-25,17.4399,250.303,70.78,8.80,86.209,4.17215,17,10,2,17557274.300074,N/A
f4-f2-6d-93-51-f1,16-09-26,19.9257,262.426,72.08,9.21,453.133,3.72772,18,16,3,14897961.886578,N/A
f4-f2-6d-93-51-f1,16-09-27,19.9373,249.878,70.84,8.82,95.0752,3.70472,14,12,2,17559341.063277,N/A
f4-f2-6d-93-51-f1,16-09-28,18.6586,12776.3,491.42,448.87,381.899,3.94164,20,19,3,12292250.969699,N/A
f4-f2-6d-93-51-f1,16-09-29,19.6408,284.217,69.82,10.09,83.104,3.73092,17,19,2,16955829.252724,N/A
f4-f2-6d-93-51-f1,16-09-30,18.1513,20299.9,522.81,715.59,167.189,4.02167,17,37,2,17153988.045003,N/A
f4-f2-6d-93-51-f1,16-10-01,19.2457,283.552,69.57,10.09,75.2172,3.78881,17,19,2,16765113.640666,N/A
f4-f2-6d-93-51-f1,16-10-02,19.8215,264.288,71.85,9.31,520.23,3.73223,22,19,3,15368886.474794,N/A
f4-f2-6d-93-51-f1,16-10-03,20.0107,252.718,71.19,8.89,102.414,3.70507,18,12,2,16767040.158181,N/A
f4-f2-6d-93-51-f1,16-10-04,19.9832,385.21,98.75,13.42,9050.17,3.749,24,16,2,16768022.351920,N/A
f4-f2-6d-93-51-f1,16-10-05,23.0039,414.652,97.43,12.43,278.472,3.84825,23,17,4,22358386.767436,N/A
